ticker,date,price
ABT,2026-01-20,120.3847
ACA,2024-02-13,79.5032
ACA,2024-04-16,78.6853
ACA,2024-07-19,88.1063
ACA,2024-11-15,101.0718
ACA,2025-09-17,93.4671
ACA,2026-03-13,105.6337
ADUS,2026-05-18,92.64
AEVA,2024-04-16,0.6360
AGYS,2024-07-19,107.91
AGYS,2024-12-16,139.22
AGYS,2025-03-14,74.35
AI,2024-09-23,23.3
AKAM,2026-03-13,107.67
ALB,2023-09-13,176.2829
ALC,2025-04-21,90.6165
ALMS,2026-05-18,21.15
ALPN,2023-11-28,15.07
AMPX,2025-04-21,2.07
AMPX,2025-10-22,11.39
AMPX,2026-01-20,11.17
AMSC,2025-05-15,23.52
APP,2024-09-23,126.12
APP,2025-04-21,228.13
APP,2025-09-17,606.66
ARMK,2025-05-15,37.9013
ASND,2023-02-21,112.315
ASPN,2024-01-16,12.32
ASPN,2024-05-14,25.41
AVDL,2023-03-13,9.22
AVDL,2024-09-23,12.87
AVGO,2024-12-16,246.192
AXP,2023-08-23,153.9828
AZO,2025-12-11,3469.1
AZO,2026-04-14,3508.5
BBIO,2025-11-17,66.9
BCYC,2025-05-15,8.12
BKSY,2024-12-16,12.14
BKSY,2025-10-22,21.72
BKSY,2026-01-20,27.37
BLDR,2024-08-15,164.65
BPMC,2025-06-16,128.25
BSY,2024-01-16,47.9511
BZH,2025-02-14,25.1
C,2025-02-14,82.078
CAPR,2025-04-21,11.92
CAPR,2025-08-12,8.04
CAPR,2026-04-14,34.72
CARG,2023-04-14,17.17
CARG,2023-07-14,23.37
CARR,2023-07-14,51.8746
CARR,2024-09-23,78.9754
CARR,2025-08-12,64.9672
CART,2024-09-23,40.22
CART,2025-01-15,45.11
CART,2025-11-17,40.51
CART,2026-02-13,36.3
CAT,2025-10-22,511.736
CATX,2025-11-17,2.21
CBAY,2023-09-13,16.78
CBOE,2023-06-14,134.0544
CCAP,2025-05-15,13.5614
CCOI,2024-07-19,60.4347
CCOI,2025-09-17,37.5262
CCOI,2026-04-14,22.5126
CF,2025-02-14,80.2781
CHD,2024-03-18,101.479
CHWY,2023-08-23,26.18
CI,2023-06-14,249.1395
CI,2024-06-21,326.7649
CI,2025-07-21,288.4106
CLH,2024-08-15,237.83
CLH,2025-07-21,225.84
CMG,2026-03-13,32.52
CNC,2023-08-23,63.63
CNC,2024-07-19,66.24
CNH,2025-04-21,10.6461
CNTA,2026-01-20,22.92
CNTA,2026-04-14,39.59
COMP,2024-05-14,4.32
COMP,2025-06-16,6.27
COMP,2025-09-17,9.46
COST,2023-11-28,572.808
COST,2025-04-21,951.17
COST,2026-02-13,1017.004
COST,2026-04-14,973.388
CPRX,2024-07-19,16.94
CRBP,2024-09-23,18.99
CRM,2024-06-21,241.2072
CRM,2025-02-14,322.7796
CRM,2025-06-16,261.2511
CRM,2026-01-20,218.9559
CRNX,2024-01-16,37.3
CRNX,2026-03-13,37.49
CRWD,2024-02-13,322.4400
CSL,2023-05-24,204.213
CVLT,2025-11-17,125.85
CWAN,2024-11-15,30.49
CWAN,2025-08-12,18.95
CXT,2026-05-18,38.1679
CYBR,2024-10-18,299.98
CYTK,2023-10-23,31.88
CYTK,2024-01-16,81.19
DASH,2026-05-18,162.67
DG,2023-02-21,211.1014
DKNG,2023-05-24,24.15
DKNG,2023-08-23,27.81
DKNG,2024-02-13,42.69
DKNG,2026-02-13,21.76
DKS,2024-07-19,202.6678
DKS,2024-10-18,209.9985
DKS,2025-01-15,218.6364
DKS,2025-08-12,217.1589
DKS,2025-11-17,205.3075
DKS,2026-03-13,189.8455
DKS,2026-06-16,225.89
DNTH,2024-11-15,23.36
DNTH,2025-03-14,21.33
DOCN,2026-02-13,68.16
DOX,2023-07-14,89.867
DPZ,2024-07-19,390.655
DPZ,2024-11-15,417.591
DRI,2026-01-20,207.2842
DXCM,2023-04-14,115.7
DYN,2024-01-16,16.73
DYN,2025-01-15,15.54
ECG,2025-02-14,48.14
EMR,2025-09-17,129.4118
ENPH,2026-02-13,43.49
ENSG,2023-02-21,90.0473
ENVX,2024-11-15,8.48
ESAB,2026-03-13,97.7077
ETSY,2023-11-28,75.27
EVH,2024-09-23,29.98
EW,2024-08-15,68.12
EXPE,2024-03-18,131.578
FRPT,2025-01-15,153.1
FRPT,2025-03-14,87.84
FRSH,2025-04-21,12.07
FULC,2023-03-13,4.5
FUSN,2024-04-16,21.26
GEHC,2023-10-23,63.7237
GENI,2023-03-13,4.24
GENI,2024-01-16,5.5
GENI,2024-06-21,5.42
GENI,2026-05-18,5.18
GILD,2025-01-15,88.7767
GOOG,2025-08-12,203.579
GOSS,2026-03-13,0.4371
GPN,2023-03-13,92.5043
GPN,2023-10-23,105.5765
GPN,2023-12-15,124.6463
GS,2024-09-23,480.402
GWRE,2023-08-23,80.59
GWRE,2023-12-15,100.02
GWRE,2024-07-19,141.56
GWRE,2024-11-15,192.22
GWRE,2025-09-17,246.94
GXO,2023-07-14,64.22
HASI,2023-03-13,22.9144
HASI,2023-05-24,19.9692
HASI,2023-08-23,17.7683
HASI,2024-06-21,26.9121
HASI,2024-11-15,24.7743
HASI,2026-01-20,32.9522
HASI,2026-06-16,38.5709
HCI,2025-05-15,162.1056
HCI,2025-10-22,199.4802
HD,2023-03-13,263.649
HD,2023-12-15,332.4
HGTY,2026-05-18,10.99
HRMY,2023-02-21,43.81
IART,2023-05-24,39.15
IAS,2024-03-18,9.58
IDYA,2023-02-21,17.4
IDYA,2024-01-16,40.52
IDYA,2024-10-18,30.54
IDYA,2026-01-20,35.75
IFF,2024-10-18,100.508
IFF,2025-01-15,81.333
IOVA,2023-06-14,8.67
IRTC,2023-03-13,111.42
IRTC,2025-05-15,141.04
ITRI,2025-11-17,97.21
JCI,2023-04-14,54.0932
JCI,2023-06-14,60.689
JCI,2023-09-13,54.1065
JEF,2026-05-18,51.85
JKHY,2023-02-21,158.8221
JKHY,2023-09-13,145.8935
KBR,2026-02-13,40.9255
KD,2025-01-15,38.29
KD,2025-08-12,29.6
KKR,2023-12-15,82.505
KLAC,2025-04-21,615.3400
KLAC,2026-05-18,1756.4500
KMX,2024-09-23,76.45
KMX,2024-12-16,85.98
KMX,2025-02-14,88.9
KNF,2024-03-18,76.2
KNF,2024-05-14,77.19
KNF,2025-04-21,84.41
KNF,2025-06-16,82.54
KYMR,2025-06-16,46.84
LEGN,2026-03-13,18.75
LGND,2025-02-14,120.0
LGND,2025-07-21,141.12
LOW,2023-04-14,189.7386
LOW,2023-09-13,216.8323
LRCX,2025-05-15,84.1139
LRCX,2025-10-22,140.7498
LRCX,2026-01-20,221.9874
LTH,2025-06-16,27.17
LTH,2025-09-17,27.81
LULU,2023-07-14,380.41
LULU,2023-11-28,427.73
LULU,2024-04-16,338.98
LULU,2025-03-14,311.03
LYFT,2025-12-11,20.52
MA,2025-01-15,517.592
MCD,2026-06-16,287.93
MCRB,2023-05-24,4.8700
MDB,2026-04-14,233.6
MGRC,2024-12-16,115.0673
MGRC,2025-06-16,110.5409
MLTX,2025-10-22,9.6
MNDY,2025-10-22,190.68
MOD,2024-07-19,107.17
MOD,2025-04-21,69.3
MOD,2026-05-18,247.13
MPWR,2025-05-15,703.89
MRTX,2023-10-23,55.6
MRVL,2024-02-13,67.6655
MRVL,2026-05-18,168.93
MSCI,2023-09-13,517.1056
MSFT,2023-08-23,320.1186
MSFT,2025-09-17,506.8105
MSFT,2025-12-11,481.3267
MSFT,2026-02-13,399.5409
NBIX,2026-06-16,156.42
NDSN,2026-02-13,296.4362
NFLX,2023-05-24,364.8500
NFLX,2026-01-20,87.26
NKE,2024-01-16,96.204
NOW,2023-11-28,665.2500
NOW,2026-03-13,113.62
NPO,2023-02-21,105.2901
NRIX,2024-12-16,20.81
NVDA,2025-12-11,180.7096
NXPI,2024-03-18,226.4319
OBDC,2024-01-16,11.2284
OBDC,2024-06-21,12.1246
OCSL,2024-02-13,14.5516
OKTA,2025-01-15,84.2
OLED,2024-02-13,172.1349
OLED,2024-12-16,154.9935
OLED,2025-11-17,111.318
ONTO,2025-03-14,138.69
ONTO,2025-06-16,98.87
ONTO,2025-11-17,127.3
ORCL,2026-06-16,188.33
OUST,2025-11-17,20.92
OWL,2024-10-18,21.6748
OWL,2026-03-13,8.5488
PANW,2023-08-23,117.83
PERI,2024-02-13,22.38
PHVS,2026-06-16,31.46
PINS,2024-11-15,28.24
PLRX,2023-05-24,21.6
PLYA,2024-05-14,8.41
PNR,2024-03-18,78.7459
PRSU,2026-06-16,48.87
PRTA,2023-08-23,56.64
PTC,2024-03-18,183.66
PVLA,2026-03-13,122.06
Q,2026-02-13,111.5623
QSR,2023-10-23,59.716
RAL,2025-10-22,42.2959
RBLX,2025-05-15,80.77
RBLX,2026-02-13,63.17
RDDT,2025-07-21,146.29
RDDT,2025-12-11,233.54
RDDT,2026-03-13,132.36
RDDT,2026-06-16,175.39
REZI,2025-11-17,30.12
RKT,2026-03-13,14.14
RLJ,2023-03-13,8.6061
RNG,2025-11-17,26.6914
ROKU,2023-02-21,65.63
RRX,2025-01-15,155.1922
RSG,2023-11-28,154.9879
RVMD,2023-11-28,22.07
RXST,2023-12-15,39.71
RXST,2024-07-19,46.77
S,2025-06-16,17.59
SG,2024-09-23,35.83
SHAK,2025-04-21,82.5
SHOP,2023-02-21,41.42
SHOP,2023-10-23,51.0
SHOP,2025-03-14,94.85
SIGI,2023-12-15,95.8147
SIGI,2025-07-21,86.8163
SLNO,2024-11-15,51.8
SN,2025-06-16,87.13
SNOW,2024-01-16,188.02
SPB,2023-10-23,70.558
SPNT,2026-06-16,23.28
SPRB,2026-06-16,47.1
SPXC,2026-01-20,217.9
STEP,2024-11-15,61.6475
STEP,2025-05-15,56.1545
SVRA,2024-07-19,4.47
T,2024-10-18,20.4592
TARA,2025-05-15,3.11
TEAM,2023-10-23,185.96
TEAM,2024-12-16,278.09
TEAM,2025-03-14,218.44
TEAM,2025-10-22,167.89
TEL,2026-05-18,199.7378
TH,2023-05-24,15.09
TKR,2025-04-21,58.9845
TLN,2024-08-15,135.64
TMDX,2023-07-14,91.51
TMDX,2024-05-14,132.44
TMDX,2025-01-15,60.44
TNDM,2024-01-16,25.51
TPB,2025-12-11,104.375
TPB,2026-04-14,81.428
TRMB,2024-06-21,56.14
TRMB,2024-12-16,74.24
TRMB,2025-05-15,71.24
TRMB,2026-02-13,66.4
TTD,2025-04-21,47.56
TWLO,2026-06-16,192.68
TYRA,2024-09-23,23.64
TYRA,2026-04-14,35.27
UBER,2023-03-13,30.82
UBER,2023-08-23,45.14
UBER,2024-10-18,79.16
UBER,2025-03-14,71.55
ULTA,2023-07-14,472.65
ULTA,2024-04-16,424.17
ULTA,2025-02-14,365.14
ULTA,2025-10-22,519.33
ULTA,2026-03-13,535.72
UNH,2023-07-14,451.939
UNH,2024-02-13,490.022
URGN,2023-07-14,9.19
URGN,2023-09-13,15.66
URGN,2024-08-15,15.49
UTHR,2025-12-11,488.51
V,2023-07-14,237.6721
V,2023-11-28,248.2235
V,2024-01-16,260.2941
V,2026-01-20,324.4767
VKTX,2024-12-16,47.23
VRDN,2023-08-23,19.0
VTYX,2023-11-28,2.3
VTYX,2026-01-20,13.88
VXRT,2025-08-12,0.38
VZ,2023-12-15,31.7441
WCN,2023-10-23,132.7995
WDAY,2023-08-23,230.22
WIX,2023-04-14,89.98
WIX,2024-09-23,163.87
WIX,2026-04-14,63.84
WMT,2024-08-15,71.837
WMT,2025-05-15,95.5519
WSC,2023-06-14,46.2784
WSC,2024-04-16,38.888
WULF,2026-03-13,14.67
XPO,2024-11-15,145.79
XPO,2025-05-15,125.68
ZBH,2023-11-28,110.2145
ZBH,2025-06-16,90.9648
